{
  "threshold_95": 1.8163507499603315,
  "threshold_99": 24.67486643031162,
  "mean": 0.7526779572056582,
  "std": 4.256432302136162,
  "min": 0.002179509021363932,
  "max": 59.332631701098215,
  "median": 0.0414474955418059
}