{
  "threshold_95": 2.060838084194052,
  "threshold_99": 7.182687247354921,
  "mean": 0.8423025660280489,
  "std": 12.102816404809834,
  "min": 0.014144133122116584,
  "max": 606.6526641876504,
  "median": 0.02634496858050616
}